first_name,last_name,email
Bishow,Rai,bishowrai@gmail.com
Dip,Rai,diprai@gmail.com
Ram,Rai,ramrai@gmail.com
Jhon,Doe,johndoe@gmail.com
Sita,Rai,sitarai@gmail.com
Gita,Rai,gitarai@gmail.com
Mita,Rai,mitarai@gmail.com
Mony,Kelvin,monykelvin@gmail.com
Fred,Kumar,fredkumar@gmail.com